age_group,Total Deaths,Percentage
0-9,121,0.3353751489786302
10-19,115,0.31874497630200394
20-59,14284,39.590897752154994
60+,21559,59.75498212256437
